role,r,lambda_m,margin_height,cal_nll,cal_brier,cal_ece,cal_accuracy,cal_macro_f1,cal_balanced_accuracy,cal_weighted_f1,cal_macro_precision,cal_macro_recall,cal_tail20_f1,cal_target_confusion_rate,delta_cal_accuracy,delta_cal_macro_f1,delta_cal_balanced_accuracy,delta_cal_tail20_f1,delta_cal_nll,delta_cal_brier,delta_cal_ece,control_target_confusion_rate,delta_target_confusion_rate,pass_C1
control,3,0.0,0.5,2.8194940090179443,0.7921381337691885,0.06042582646073251,0.35460122699386504,0.197362428224674,0.19652098161091922,0.32913394140277513,0.22410573073026985,0.19652098161091922,0.11244877783924437,0.2343558282208589,,,,,,,,,,
candidate,3,0.025,0.5,2.819960832595825,0.7921460723901974,0.05915288000933231,0.35419222903885483,0.19630850582040665,0.19537894398778605,0.3288914894682338,0.22330052463218927,0.19537894398778605,0.10849276712279807,0.23660531697341514,-0.0004089979550102041,-0.0010539224042673545,-0.0011420376231331686,-0.003956010716446301,0.0004668235778808594,7.938621008896085e-06,-0.001272946451400199,0.2343558282208589,0.0022494887525562335,False
candidate,3,0.05,0.5,2.8159971237182617,0.7914233168784711,0.056891817843316775,0.35419222903885483,0.19473723034119683,0.19306900001176516,0.3274278415593726,0.22394919522235174,0.19306900001176516,0.10593264578558696,0.2408997955010225,-0.0004089979550102041,-0.002625197883477176,-0.0034519815991540526,-0.006516132053657406,-0.003496885299682617,-0.0007148168907173957,-0.003534008617415735,0.2343558282208589,0.006543967280163598,False
candidate,3,0.1,0.5,2.8113856315612793,0.7911706463631648,0.05462629960693709,0.35501022494887524,0.1957796311076983,0.1924115368044412,0.3283483867994538,0.22768070190054485,0.1924115368044412,0.10037709023003141,0.24458077709611453,0.0004089979550102041,-0.0015827971169757038,-0.004109444806478013,-0.012071687609212955,-0.008108377456665039,-0.0009674874060237038,-0.0057995268537954225,0.2343558282208589,0.01022494887525563,False
candidate,3,0.2,0.5,2.815692901611328,0.7920981512525012,0.04982276935290341,0.3511247443762781,0.18891061340390725,0.18579777428034075,0.3210560105464491,0.22693561732986786,0.18579777428034075,0.10842033051465098,0.25725971370143147,-0.003476482617586929,-0.008451814820766762,-0.010723207330578466,-0.004028447324593384,-0.003801107406616211,-3.998251668735353e-05,-0.010603057107829099,0.2343558282208589,0.022903885480572567,False
candidate,5,0.025,0.5,2.8176071643829346,0.7914771211216667,0.05614407578890796,0.3539877300613497,0.19558475795468902,0.1947487258677927,0.3284342710324766,0.22082776290998202,0.1947487258677927,0.10505545280313082,0.28732106339468305,-0.0006134969325153339,-0.0017776702699849878,-0.0017722557431265051,-0.007393325036113549,-0.0018868446350097656,-0.0006610126475218303,-0.004281750671824548,0.28486707566462166,0.002453987730061391,False
candidate,5,0.05,0.5,2.8160040378570557,0.7913250842242746,0.056201719280888456,0.3539877300613497,0.19462693431359745,0.19333452591053046,0.3273737954651992,0.22329738869685403,0.19333452591053046,0.10505545280313082,0.2893660531697341,-0.0006134969325153339,-0.002735493911076553,-0.0031864557003887517,-0.007393325036113549,-0.003489971160888672,-0.0008130495449139019,-0.004224107179844054,0.28486707566462166,0.004498977505112467,False
candidate,5,0.1,0.5,2.814361095428467,0.7914438809091838,0.053227599794026054,0.35276073619631904,0.19400729498144606,0.19070566526558852,0.3259200734703689,0.22693579303941186,0.19070566526558852,0.1042659791189203,0.2987730061349693,-0.0018404907975460016,-0.003355133243227948,-0.0058153163453306955,-0.00818279872032407,-0.005132913589477539,-0.0006942528600046849,-0.007198226666706456,0.28486707566462166,0.01390593047034766,False
candidate,5,0.2,0.5,2.8117496967315674,0.7909515572783734,0.05127852709701091,0.35194274028629857,0.18981436865130263,0.18700052633682707,0.32132653177902254,0.2279136955572565,0.18700052633682707,0.10481735756503559,0.3075664621676892,-0.0026584867075664653,-0.007548059573371374,-0.009520455274092149,-0.0076314202742087806,-0.007744312286376953,-0.0011865764908151055,-0.009147299363721599,0.28486707566462166,0.02269938650306752,False
